{"cameraMode":{"drawMode":0,"name":"Shaded","section":"Shading Mode"},"sceneLighting":true,"audioPlay":false,"sceneViewState":{"m_AlwaysRefresh":false,"showFog":true,"showSkybox":true,"showFlares":true,"showImageEffects":true,"showParticleSystems":true,"showVisualEffectGraphs":true,"m_FxEnabled":true},"in2DMode":false,"pivot":{"x":-0.022947311401367189,"y":1.5699200630187989,"z":-0.934542179107666},"rotation":{"x":-0.0759219229221344,"y":0.9218412637710571,"z":-0.23323529958724976,"w":-0.30007490515708926},"size":4.388890743255615,"orthographic":false}